{"Loss": 0.011600806843489408, "_runtime": 7, "_timestamp": 1631776016, "_step": 1, "Val Loss": 0.012063257396221161, "_wandb": {"runtime": 20}}